name,date,open,high,low,close,volume,adj_close
YEG,2020-10-16,44.8,46.4,44.8,45.7,52970,45.7
YEG,2020-10-15,43.35,44.75,43.3,44.75,21450,44.75
YEG,2020-10-14,43.25,44.5,43.25,43.8,13390,43.8
YEG,2020-10-13,42.0,44.7,42.0,44.0,28410,44.0
YEG,2020-10-12,45.0,46.0,44.7,44.75,97900,44.75
YEG,2020-10-09,47.15,48.2,47.15,47.6,9160,47.6
YEG,2020-10-08,47.0,47.7,47.0,47.4,5830,47.4
YEG,2020-10-07,47.1,48.0,47.0,47.7,4520,47.7
YEG,2020-10-06,48.0,48.0,46.7,47.6,8110,47.6
YEG,2020-10-05,46.5,47.8,46.5,47.8,6480,47.8
YEG,2020-10-02,48.5,48.5,46.0,47.8,7770,47.8
YEG,2020-10-01,47.0,48.5,46.0,48.5,14900,48.5
YEG,2020-09-30,47.6,47.9,47.0,47.0,10580,47.0
YEG,2020-09-29,48.2,48.25,47.2,47.6,17910,47.6
YEG,2020-09-28,48.6,48.85,48.0,48.25,10670,48.25
YEG,2020-09-25,48.6,48.8,48.15,48.3,15950,48.3
YEG,2020-09-24,49.0,49.0,48.2,48.9,1750,48.9
YEG,2020-09-23,48.7,49.0,48.6,49.0,10730,49.0
YEG,2020-09-22,49.0,49.45,48.8,49.0,11940,49.0
YEG,2020-09-21,48.45,49.2,48.45,49.0,17110,49.0
YEG,2020-09-10,50.6,50.6,49.0,49.2,7150,49.2
YEG,2020-09-09,50.0,50.1,49.0,50.0,3900,50.0
YEG,2020-09-08,50.0,50.9,50.0,50.1,7390,50.1
YEG,2020-09-07,49.5,50.9,49.5,50.0,37710,50.0
YEG,2020-09-04,49.5,50.5,49.4,50.5,18360,50.5
YEG,2020-09-03,52.0,52.0,50.7,50.7,10130,50.7
YEG,2020-09-01,52.0,53.0,51.0,51.5,12440,51.5
YEG,2020-08-31,51.2,52.3,51.2,52.0,3910,52.0
YEG,2020-08-28,51.1,53.0,51.1,52.9,28220,52.9
YEG,2020-08-27,50.6,52.0,50.4,51.0,28050,51.0
YEG,2020-08-26,49.9,50.4,49.1,50.3,13810,50.3
YEG,2020-08-25,49.0,50.4,49.0,49.8,11400,49.8
YEG,2020-08-24,48.35,50.0,48.35,48.7,14140,48.7
YEG,2020-08-21,48.6,49.0,48.1,48.3,9640,48.3
YEG,2020-08-20,48.4,49.8,48.4,48.6,5620,48.6
YEG,2020-08-19,49.1,49.9,49.1,49.8,1190,49.8
YEG,2020-08-18,50.0,50.0,48.3,49.1,3980,49.1
YEG,2020-08-17,50.0,50.0,48.0,50.0,8200,50.0
YEG,2020-08-14,51.0,51.8,50.0,50.0,9640,50.0
YEG,2020-08-13,51.3,52.0,49.9,51.0,27340,51.0
YEG,2020-08-12,51.8,52.5,51.0,51.8,23870,51.8
YEG,2020-08-11,49.5,51.4,49.3,49.9,18120,49.9
YEG,2020-08-10,47.55,49.3,47.5,49.25,9920,49.25
YEG,2020-08-07,47.6,48.3,47.0,47.5,6270,47.5
YEG,2020-08-06,46.0,47.8,46.0,47.6,13010,47.6
YEG,2020-08-05,47.0,47.5,46.0,47.5,14400,47.5
YEG,2020-08-04,47.0,48.25,47.0,47.5,8750,47.5
YEG,2020-08-03,46.0,47.5,46.0,47.0,7410,47.0
YEG,2020-07-31,44.65,47.2,44.65,45.9,5090,45.9
YEG,2020-07-30,48.7,48.7,46.5,47.0,3900,47.0
YEG,2020-07-29,49.0,49.0,46.0,46.5,38470,46.5
YEG,2020-07-28,44.0,49.35,44.0,49.3,17950,49.3
YEG,2020-07-27,46.15,47.05,46.15,46.15,63450,46.15
YEG,2020-07-24,53.0,53.0,49.6,49.6,33300,49.6
YEG,2020-07-23,54.0,55.9,51.0,53.0,35430,53.0
YEG,2020-07-22,58.0,58.2,54.0,54.0,53790,54.0
YEG,2020-07-21,58.0,60.0,57.8,58.0,27920,58.0
YEG,2020-07-20,58.0,58.3,57.0,58.0,16500,58.0
YEG,2020-07-17,57.6,58.8,57.5,58.3,11300,58.3
YEG,2020-07-16,60.0,60.0,58.5,58.8,19120,58.8
YEG,2020-07-15,61.9,61.9,59.0,59.6,47960,59.6
YEG,2020-07-14,54.8,57.9,54.3,57.9,28350,57.9
YEG,2020-07-13,54.6,54.9,54.2,54.2,3890,54.2
YEG,2020-07-10,54.2,55.0,53.0,54.9,5600,54.9
YEG,2020-07-09,53.1,55.0,52.9,55.0,19180,55.0
YEG,2020-07-08,53.5,53.6,52.8,53.0,5280,53.0
YEG,2020-07-07,53.5,54.0,53.5,53.5,6100,53.5
YEG,2020-07-06,53.0,54.0,53.0,53.9,9240,53.9
YEG,2020-07-03,52.0,53.6,52.0,53.6,5300,53.6
YEG,2020-07-02,52.5,54.0,52.5,53.4,4510,53.4
YEG,2020-07-01,51.9,53.0,51.1,53.0,8300,53.0
YEG,2020-06-30,52.3,53.3,51.0,51.4,15420,51.4
YEG,2020-06-29,54.0,54.0,52.0,52.0,9890,52.0
YEG,2020-06-26,54.0,54.2,54.0,54.0,13200,54.0
YEG,2020-06-25,54.2,54.5,53.6,54.0,22850,54.0
YEG,2020-06-24,54.1,54.5,54.0,54.0,17270,54.0
YEG,2020-06-23,54.0,54.7,53.9,54.7,43470,54.7
YEG,2020-06-22,54.1,54.5,53.0,54.0,27190,54.0
YEG,2020-06-19,53.1,54.9,53.1,54.1,8980,54.1
YEG,2020-06-18,55.0,55.0,53.9,54.0,8840,54.0
YEG,2020-06-17,54.0,54.2,53.5,53.5,8020,53.5
YEG,2020-06-16,53.6,54.6,53.2,54.2,38780,54.2
YEG,2020-06-15,54.6,54.8,53.0,53.0,33040,53.0
YEG,2020-06-12,52.3,57.0,52.3,54.8,18530,54.8
YEG,2020-06-11,57.7,57.8,56.0,56.0,42040,56.0
YEG,2020-06-10,58.0,58.3,57.5,57.6,23420,57.6
YEG,2020-06-09,58.3,58.4,57.6,57.7,24640,57.7
YEG,2020-06-08,58.0,59.0,57.9,58.3,44670,58.3
YEG,2020-06-05,58.5,58.5,57.7,57.8,15550,57.8
YEG,2020-06-04,57.6,58.4,57.3,57.8,25780,57.8
YEG,2020-06-03,57.9,58.3,57.5,57.6,21290,57.6
YEG,2020-06-02,58.0,58.7,57.9,57.9,31150,57.9
YEG,2020-06-01,59.5,59.5,58.0,58.5,23130,58.5
YEG,2020-05-29,57.3,58.6,57.3,58.2,17780,58.2
YEG,2020-05-28,58.4,59.0,57.2,58.2,14820,58.2
YEG,2020-05-27,59.1,59.5,58.2,58.4,17840,58.4
YEG,2020-05-26,60.0,60.9,58.0,59.5,30170,59.5
YEG,2020-05-25,58.5,62.0,58.5,59.9,37840,59.9
YEG,2020-05-22,59.5,61.1,59.0,59.0,26110,59.0
YEG,2020-05-21,63.0,63.9,58.9,61.2,60270,61.2
YEG,2020-05-20,61.7,64.9,60.9,63.0,64850,63.0
YEG,2020-05-19,62.0,62.0,59.0,61.6,60910,61.6
YEG,2020-05-18,54.8,58.6,54.8,58.6,174370,58.6
YEG,2020-05-15,55.6,55.6,53.5,54.8,10630,54.8
YEG,2020-05-14,53.2,54.9,53.2,54.9,45660,54.9
YEG,2020-05-13,55.7,55.9,55.0,55.0,18670,55.0
YEG,2020-05-12,55.0,56.8,54.7,55.7,53470,55.7
YEG,2020-05-11,55.0,55.7,54.6,55.0,19940,55.0
YEG,2020-05-08,56.4,56.4,52.5,54.9,32130,54.9
YEG,2020-05-07,54.9,55.2,54.1,54.7,31100,54.7
YEG,2020-05-06,52.8,54.0,52.8,53.5,22310,53.5
YEG,2020-05-05,54.4,54.5,52.5,53.5,22200,53.5
YEG,2020-05-04,56.1,56.1,54.3,54.5,15930,54.5
YEG,2020-04-29,56.8,58.6,55.0,56.8,30920,56.8
YEG,2020-04-28,55.5,57.5,53.5,57.0,10890,57.0
YEG,2020-04-27,58.7,58.7,55.0,55.5,48840,55.5
YEG,2020-04-24,60.0,60.0,57.5,58.7,17810,58.7
YEG,2020-04-23,62.9,63.8,59.7,60.2,22210,60.2
YEG,2020-04-22,57.5,61.5,57.5,61.0,32960,61.0
YEG,2020-04-21,57.6,59.8,57.2,57.5,82520,57.5
YEG,2020-04-20,63.1,63.1,54.9,61.5,95230,61.5
YEG,2020-04-17,59.0,59.0,59.0,59.0,16670,59.0
YEG,2020-04-16,52.0,55.2,51.9,55.2,34630,55.2
YEG,2020-04-15,49.8,52.0,49.8,51.6,25350,51.6
YEG,2020-04-14,50.7,51.0,49.5,49.75,22540,49.75
YEG,2020-04-13,49.8,52.9,49.8,50.7,26510,50.7
YEG,2020-04-10,50.4,51.0,49.1,49.8,28340,49.8
YEG,2020-04-09,50.5,51.7,50.5,51.0,26660,51.0
YEG,2020-04-08,50.1,51.4,49.0,50.5,23300,50.5
YEG,2020-04-07,52.8,52.8,50.0,51.8,24320,51.8
YEG,2020-04-06,48.7,52.5,48.7,51.1,48320,51.1
YEG,2020-04-03,46.3,49.7,46.3,49.7,47990,49.7
YEG,2020-04-01,47.65,50.0,45.05,49.6,32270,49.6
YEG,2020-03-31,47.65,51.2,47.65,47.65,89890,47.65
YEG,2020-03-30,51.2,51.2,51.2,51.2,16290,51.2
YEG,2020-03-27,54.5,55.6,53.1,55.0,77650,55.0
YEG,2020-03-26,51.2,52.0,49.5,52.0,44330,52.0
YEG,2020-03-25,44.6,48.6,43.5,48.6,79610,48.6
YEG,2020-03-24,45.45,47.1,45.45,45.45,74250,45.45
YEG,2020-03-23,48.9,48.9,48.85,48.85,20670,48.85
YEG,2020-03-20,52.8,55.0,52.5,52.5,60380,52.5
YEG,2020-03-19,56.9,60.0,56.4,56.4,28340,56.4
YEG,2020-03-18,60.6,63.5,60.6,60.6,67910,60.6
YEG,2020-03-17,65.1,66.0,65.1,65.1,14440,65.1
YEG,2020-03-16,70.2,73.5,70.0,70.0,41370,70.0
YEG,2020-03-13,75.9,75.9,73.0,75.2,50380,75.2
YEG,2020-03-12,67.0,71.4,62.3,71.4,200920,71.4
YEG,2020-03-11,66.8,73.8,66.8,66.8,224340,66.8
YEG,2020-03-10,71.8,71.8,71.8,71.8,10000,71.8
YEG,2020-03-09,77.2,77.2,77.2,77.2,9920,77.2
YEG,2020-03-06,84.3,84.3,79.0,83.0,341870,83.0
YEG,2020-03-05,78.8,78.8,78.8,78.8,41490,78.8
YEG,2020-03-04,73.7,73.7,73.7,73.7,13750,73.7
YEG,2020-03-03,68.9,68.9,68.9,68.9,27800,68.9
YEG,2020-03-02,64.4,64.4,64.4,64.4,73770,64.4
YEG,2020-02-28,60.2,60.2,60.2,60.2,37010,60.2
YEG,2020-02-27,56.3,56.3,56.3,56.3,12660,56.3
YEG,2020-02-26,52.7,52.7,51.5,52.7,67640,52.7
YEG,2020-02-25,48.2,49.4,48.0,49.3,51730,49.3
YEG,2020-02-24,49.1,49.5,46.9,49.0,55360,49.0
YEG,2020-02-21,50.3,50.5,49.1,50.2,80000,50.2
YEG,2020-02-20,50.0,51.0,49.1,50.0,49620,50.0
YEG,2020-02-19,50.4,51.3,49.6,51.0,46490,51.0
YEG,2020-02-18,49.95,51.0,49.0,50.4,45780,50.4
YEG,2020-02-17,52.5,52.5,45.8,49.5,166020,49.5
YEG,2020-02-14,49.1,49.1,49.1,49.1,46210,49.1
YEG,2020-02-13,45.9,45.9,45.9,45.9,44500,45.9
YEG,2020-02-12,42.9,42.9,42.9,42.9,3080,42.9
YEG,2020-02-11,40.1,40.1,40.1,40.1,91930,40.1
YEG,2020-02-10,37.5,38.0,37.3,37.5,15820,37.5
YEG,2020-02-07,37.0,37.9,35.2,37.45,11530,37.45
YEG,2020-02-06,37.8,38.4,37.1,37.8,2730,37.8
YEG,2020-02-05,37.0,37.5,37.0,37.5,10300,37.5
YEG,2020-02-04,36.8,36.8,35.1,36.45,11890,36.45
YEG,2020-02-03,35.5,36.2,34.9,35.5,76590,35.5
YEG,2020-01-31,37.1,37.2,37.0,37.0,34680,37.0
YEG,2020-01-30,37.0,37.5,36.8,37.0,20340,37.0
YEG,2020-01-22,37.5,37.7,36.9,37.1,30000,37.1
YEG,2020-01-21,37.0,38.0,36.9,36.9,31190,36.9
YEG,2020-01-20,37.0,37.5,36.8,37.5,8600,37.5
YEG,2020-01-17,37.9,37.9,37.0,37.0,8390,37.0
YEG,2020-01-16,37.0,37.5,36.7,37.05,8210,37.05
YEG,2020-01-15,37.0,37.05,36.6,37.0,36540,37.0
YEG,2020-01-14,37.0,37.0,36.5,36.9,14600,36.9
YEG,2020-01-13,36.7,37.0,36.2,36.3,20620,36.3
YEG,2020-01-10,36.5,37.2,36.2,36.2,26680,36.2
YEG,2020-01-09,36.5,37.2,36.5,37.0,5620,37.0
YEG,2020-01-08,38.1,38.1,36.3,36.5,147640,36.5
YEG,2020-01-07,38.5,38.9,38.0,38.5,9720,38.5
YEG,2020-01-06,37.0,38.0,36.9,37.9,34390,37.9
YEG,2020-01-03,38.0,38.5,36.8,37.0,24070,37.0
YEG,2020-01-02,37.0,38.5,37.0,38.2,26340,38.2
YEG,2019-12-31,37.7,37.7,36.2,37.0,21070,37.0
YEG,2019-12-30,37.7,37.7,36.9,37.7,14250,37.7
YEG,2019-12-27,38.6,38.6,37.7,37.7,3930,37.7
YEG,2019-12-26,38.3,38.5,37.9,38.4,7220,38.4
YEG,2019-12-25,38.5,38.5,37.7,38.3,10260,38.3
YEG,2019-12-24,38.5,39.0,37.1,38.5,8210,38.5
YEG,2019-12-23,37.0,39.3,37.0,38.5,13140,38.5
YEG,2019-12-20,36.3,39.0,36.3,37.0,56630,37.0
YEG,2019-12-19,41.0,41.0,38.2,39.0,19700,39.0
YEG,2019-12-18,41.8,41.8,39.0,39.0,8470,39.0
YEG,2019-12-17,40.0,43.4,40.0,41.8,103110,41.8
YEG,2019-12-16,43.0,43.0,43.0,43.0,11780,43.0
YEG,2019-12-13,37.6,40.2,37.6,40.2,18240,40.2
YEG,2019-12-12,37.8,37.8,37.5,37.6,14470,37.6
YEG,2019-12-11,38.2,38.9,37.8,37.8,26070,37.8
YEG,2019-12-10,39.2,39.5,38.7,39.0,20780,39.0
YEG,2019-12-09,39.9,39.9,39.0,39.8,9090,39.8
YEG,2019-12-06,39.4,40.0,39.4,39.9,34070,39.9
YEG,2019-12-05,41.0,41.0,40.0,40.3,17290,40.3
YEG,2019-12-04,41.0,41.3,40.5,41.0,17460,41.0
YEG,2019-12-03,42.8,42.8,41.95,42.0,18540,42.0
YEG,2019-12-02,44.25,44.25,43.3,43.5,17740,43.5
YEG,2019-11-29,44.7,44.7,44.0,44.25,20190,44.25
YEG,2019-11-28,46.0,46.05,44.65,44.65,33470,44.65
YEG,2019-11-27,45.0,48.0,45.0,45.1,20180,45.1
YEG,2019-11-26,44.1,45.2,44.1,45.2,29490,45.2
YEG,2019-11-25,46.5,46.75,45.5,45.65,22810,45.65
YEG,2019-11-22,46.75,47.5,46.5,46.75,23290,46.75
YEG,2019-11-21,47.8,48.0,47.5,47.5,35450,47.5
YEG,2019-11-20,48.7,48.7,48.1,48.25,47350,48.25
YEG,2019-11-19,49.0,49.0,48.5,48.7,18050,48.7
YEG,2019-11-18,49.5,49.5,48.8,49.0,10330,49.0
YEG,2019-11-15,50.2,50.2,49.4,49.5,38250,49.5
YEG,2019-11-14,50.2,50.6,49.8,50.2,37800,50.2
YEG,2019-11-13,50.3,50.5,50.0,50.2,44270,50.2
YEG,2019-11-12,51.3,51.3,50.4,50.8,31280,50.8
YEG,2019-11-11,51.0,51.5,50.8,51.3,21630,51.3
YEG,2019-11-08,52.8,52.8,51.8,51.8,16030,51.8
YEG,2019-11-07,52.7,52.7,51.8,52.2,52890,52.2
YEG,2019-11-06,53.6,53.6,52.3,52.7,25110,52.7
YEG,2019-11-05,52.8,53.0,52.4,52.6,25970,52.6
YEG,2019-11-04,53.9,53.9,52.1,52.8,26420,52.8
YEG,2019-11-01,53.6,54.3,53.4,53.4,13470,53.4
YEG,2019-10-31,54.1,54.4,53.3,53.6,11020,53.6
YEG,2019-10-30,55.1,55.1,54.0,54.1,6920,54.1
YEG,2019-10-29,53.5,55.6,53.5,54.3,11250,54.3
YEG,2019-10-28,54.6,55.8,54.6,54.7,12600,54.7
YEG,2019-10-25,56.5,56.6,54.0,55.0,3930,55.0
YEG,2019-10-24,53.1,56.8,52.9,56.5,16600,56.5
YEG,2019-10-23,53.0,54.4,52.3,53.1,45820,53.1
YEG,2019-10-22,55.8,57.0,55.8,55.8,218030,55.8
YEG,2019-10-21,60.0,60.0,59.6,60.0,7530,60.0
YEG,2019-10-18,60.0,60.3,59.5,60.0,15770,60.0
YEG,2019-10-17,60.0,60.6,59.9,60.0,26940,60.0
YEG,2019-10-16,60.0,60.9,59.9,60.0,16700,60.0
YEG,2019-10-15,59.6,60.2,59.6,60.1,14940,60.1
YEG,2019-10-14,60.0,60.2,59.6,60.0,31960,60.0
YEG,2019-10-11,59.6,60.5,59.6,60.0,19970,60.0
YEG,2019-10-10,60.0,60.2,59.5,59.6,10300,59.6
YEG,2019-10-09,60.3,60.9,60.0,60.0,10150,60.0
YEG,2019-10-08,60.3,61.0,60.2,60.9,17120,60.9
YEG,2019-10-07,60.2,61.4,60.0,60.3,23180,60.3
YEG,2019-10-04,60.2,61.0,60.0,60.0,14500,60.0
YEG,2019-10-03,61.0,61.3,60.2,60.2,12810,60.2
YEG,2019-10-02,60.5,61.8,60.5,61.0,30670,61.0
YEG,2019-10-01,60.0,61.1,60.0,60.5,21780,60.5
YEG,2019-09-30,61.2,61.3,60.0,60.0,22320,60.0
YEG,2019-09-27,62.3,62.7,61.0,61.2,34750,61.2
YEG,2019-09-26,60.0,62.9,60.0,61.0,15900,61.0
YEG,2019-09-25,59.9,61.0,59.1,60.1,49990,60.1
YEG,2019-09-24,63.5,63.5,61.0,61.0,35120,61.0
YEG,2019-09-23,63.3,65.0,62.5,63.5,30480,63.5
YEG,2019-09-20,64.0,64.0,62.0,63.0,37420,63.0
YEG,2019-09-19,67.9,68.8,59.9,60.4,103090,60.4
YEG,2019-09-18,55.8,64.3,62.7,64.3,33120,64.3
YEG,2019-09-17,55.8,60.1,55.8,60.1,51340,60.1
YEG,2019-09-16,57.5,57.9,54.0,56.2,37050,56.2
YEG,2019-09-13,59.0,59.5,57.5,57.9,180690,57.9
YEG,2019-09-12,61.7,64.0,61.5,61.8,153790,61.8
YEG,2019-09-11,66.2,70.0,65.6,65.6,288360,65.6
YEG,2019-09-10,74.3,74.3,70.0,70.5,276390,70.5
YEG,2019-09-09,66.0,69.5,65.8,69.5,165830,69.5
YEG,2019-09-06,66.0,66.0,63.0,65.0,150430,65.0
YEG,2019-09-05,61.7,61.7,61.0,61.7,78540,61.7
YEG,2019-09-04,57.7,57.7,56.5,57.7,129520,57.7
YEG,2019-09-03,54.0,54.0,53.9,54.0,174570,54.0
YEG,2019-08-30,50.2,50.9,50.2,50.5,21430,50.5
YEG,2019-08-29,50.2,50.9,50.1,50.3,6730,50.3
YEG,2019-08-28,50.7,51.0,50.0,50.7,38430,50.7
YEG,2019-08-27,50.5,51.3,50.0,50.7,23060,50.7
YEG,2019-08-26,50.5,51.0,49.0,50.7,72150,50.7
YEG,2019-08-23,50.5,52.5,50.5,51.0,27340,51.0
YEG,2019-08-22,51.7,52.0,50.5,50.5,9710,50.5
YEG,2019-08-21,51.0,52.0,51.0,51.0,26180,51.0
YEG,2019-08-20,51.0,52.0,50.5,50.5,20920,50.5
YEG,2019-08-19,53.0,53.0,50.5,52.0,33850,52.0
YEG,2019-08-16,52.8,52.8,50.3,50.3,39250,50.3
YEG,2019-08-15,52.2,53.7,52.2,53.1,28360,53.1
YEG,2019-08-14,52.9,55.0,52.9,54.6,70620,54.6
YEG,2019-08-13,55.0,55.1,51.8,52.5,77870,52.5
YEG,2019-08-12,55.0,55.6,53.6,55.3,56350,55.3
YEG,2019-08-09,46.8,52.4,49.7,52.4,146470,52.4
YEG,2019-08-08,46.8,50.0,46.8,49.0,111090,49.0
YEG,2019-08-07,50.2,50.7,49.7,50.0,78750,50.0
YEG,2019-08-06,53.5,55.8,52.4,52.4,98570,52.4
YEG,2019-08-05,61.8,61.8,56.3,56.3,89340,56.3
YEG,2019-08-02,60.5,64.0,60.5,60.5,71510,60.5
YEG,2019-08-01,59.5,61.0,59.5,60.5,23770,60.5
YEG,2019-07-31,58.1,63.5,58.1,59.5,63830,59.5
YEG,2019-07-30,63.0,64.0,62.4,62.4,54980,62.4
YEG,2019-07-29,72.0,72.0,67.0,67.0,104790,67.0
YEG,2019-07-26,74.0,74.0,72.0,72.0,37460,72.0
YEG,2019-07-25,75.0,75.0,73.5,74.0,28590,74.0
YEG,2019-07-24,73.8,76.0,73.5,74.8,28870,74.8
YEG,2019-07-23,74.0,74.6,73.5,74.0,55920,74.0
YEG,2019-07-22,74.5,77.0,74.5,75.5,27150,75.5
YEG,2019-07-19,80.8,80.0,77.8,78.0,32480,78.0
YEG,2019-07-18,80.8,80.8,79.2,79.4,10390,79.4
YEG,2019-07-17,82.3,82.3,79.0,80.8,27670,80.8
YEG,2019-07-16,80.0,81.9,80.0,81.2,36260,81.2
YEG,2019-07-15,83.7,81.0,79.6,79.6,41120,79.6
YEG,2019-07-12,83.7,84.0,80.0,81.0,56030,81.0
YEG,2019-07-11,88.5,89.5,84.0,84.5,37150,84.5
YEG,2019-07-10,85.5,88.0,85.5,86.9,65240,86.9
YEG,2019-07-09,80.2,84.0,80.2,84.0,93930,84.0
YEG,2019-07-08,77.0,79.9,77.0,79.0,68380,79.0
YEG,2019-07-05,76.0,78.5,76.0,77.0,93630,77.0
YEG,2019-07-04,73.6,76.3,74.3,76.0,45050,76.0
YEG,2019-07-03,73.6,76.0,73.5,76.0,219870,76.0
YEG,2019-07-02,75.0,76.4,73.5,75.0,225640,75.0
YEG,2019-07-01,75.0,78.0,73.5,75.0,149820,75.0
YEG,2019-06-28,73.5,76.0,73.5,73.5,230380,73.5
YEG,2019-06-27,76.1,76.6,76.0,76.1,210830,76.1
YEG,2019-06-26,78.0,81.5,76.3,78.0,339140,78.0
YEG,2019-06-25,84.0,85.0,80.0,82.0,246880,82.0
YEG,2019-06-24,87.5,87.8,84.0,84.0,259100,84.0
YEG,2019-06-21,87.5,88.7,87.5,87.5,122890,87.5
YEG,2019-06-20,89.6,89.6,87.5,88.5,37200,88.5
YEG,2019-06-19,87.8,89.5,87.8,87.8,95580,87.8
YEG,2019-06-18,91.8,92.8,86.5,87.0,361010,87.0
YEG,2019-06-17,92.5,92.9,91.3,91.8,44050,91.8
YEG,2019-06-14,91.0,94.2,91.0,93.5,70380,93.5
YEG,2019-06-13,89.2,92.0,89.2,91.7,22800,91.7
YEG,2019-06-12,91.0,91.2,89.1,91.2,48510,91.2
YEG,2019-06-11,91.2,91.4,85.5,91.2,35440,91.2
YEG,2019-06-10,94.0,94.0,91.0,91.2,26420,91.2
YEG,2019-06-07,93.9,94.0,90.0,94.0,58410,94.0
YEG,2019-06-06,96.5,96.5,92.0,93.9,48400,93.9
YEG,2019-06-05,87.0,90.4,86.9,90.3,186520,90.3
YEG,2019-06-04,89.5,89.5,84.5,84.5,70460,84.5
YEG,2019-06-03,91.0,91.1,88.5,89.8,58160,89.8
YEG,2019-05-31,92.7,92.7,90.0,91.1,95540,91.1
YEG,2019-05-30,93.0,93.1,92.1,92.7,37800,92.7
YEG,2019-05-29,93.7,94.0,93.1,93.1,60970,93.1
YEG,2019-05-28,93.0,95.0,92.6,93.6,60650,93.6
YEG,2019-05-27,88.5,95.0,88.5,93.0,130850,93.0
YEG,2019-05-24,93.5,95.0,93.5,93.5,333690,93.5
YEG,2019-05-23,104.0,107.5,100.5,100.5,161570,100.5
YEG,2019-05-22,108.0,109.0,107.2,108.0,153600,108.0
YEG,2019-05-21,104.8,108.0,104.8,105.0,73570,105.0
YEG,2019-05-20,101.3,104.4,101.1,104.4,44620,104.4
YEG,2019-05-17,98.0,104.0,98.0,102.0,31790,102.0
YEG,2019-05-16,96.0,98.8,94.0,97.4,20250,97.4
YEG,2019-05-15,96.6,97.0,90.6,93.3,155440,93.3
YEG,2019-05-14,102.5,102.5,96.6,96.6,169290,96.6
YEG,2019-05-13,102.0,103.0,101.5,102.5,30630,102.5
YEG,2019-05-10,102.6,104.7,101.0,103.0,37430,103.0
YEG,2019-05-09,106.5,107.6,103.1,104.0,42620,104.0
YEG,2019-05-08,109.0,109.0,106.5,106.5,48930,106.5
YEG,2019-05-07,109.5,109.5,107.5,109.0,43460,109.0
YEG,2019-05-06,108.5,109.8,108.0,109.0,47380,109.0
YEG,2019-05-03,110.9,110.9,109.0,110.0,31000,110.0
YEG,2019-05-02,112.0,112.0,109.7,110.9,42960,110.9
YEG,2019-04-26,111.2,112.2,110.1,112.1,35190,112.1
YEG,2019-04-25,109.0,112.1,109.0,112.1,36890,112.1
YEG,2019-04-24,109.5,112.0,108.0,112.0,55510,112.0
YEG,2019-04-23,110.2,111.4,110.0,111.0,27730,111.0
YEG,2019-04-22,112.0,112.0,109.6,110.1,26360,110.1
YEG,2019-04-19,111.2,112.7,110.3,112.0,28480,112.0
YEG,2019-04-18,111.0,112.0,110.0,111.0,44720,111.0
YEG,2019-04-17,111.0,112.1,110.4,112.0,46230,112.0
YEG,2019-04-16,114.0,114.0,111.0,112.0,43140,112.0
YEG,2019-04-12,112.0,114.5,110.0,114.0,30850,114.0
YEG,2019-04-11,107.7,113.5,107.7,112.0,81180,112.0
YEG,2019-04-10,107.7,111.1,107.7,107.7,84100,107.7
YEG,2019-04-09,112.0,115.0,109.6,110.0,119270,110.0
YEG,2019-04-08,124.3,124.5,113.6,115.0,178680,115.0
YEG,2019-04-05,117.5,125.6,117.5,122.0,165240,122.0
YEG,2019-04-04,117.5,117.5,114.0,117.5,148570,117.5
YEG,2019-04-03,109.9,109.9,107.0,109.9,123470,109.9
YEG,2019-04-02,102.6,104.0,101.0,102.8,134530,102.8
YEG,2019-04-01,104.0,104.0,100.0,102.6,59820,102.6
YEG,2019-03-29,97.7,111.8,97.7,100.0,215230,100.0
YEG,2019-03-28,112.8,112.8,105.0,105.0,105370,105.0
YEG,2019-03-27,125.0,125.0,112.8,112.8,164610,112.8
YEG,2019-03-26,114.9,124.0,109.0,121.0,428730,121.0
YEG,2019-03-25,117.0,117.0,115.0,117.0,281260,117.0
YEG,2019-03-22,109.4,109.4,109.4,109.4,80120,109.4
YEG,2019-03-21,89.1,102.3,89.1,102.3,833940,102.3
YEG,2019-03-20,95.7,95.7,95.7,95.7,26300,95.7
YEG,2019-03-19,102.8,102.8,102.8,102.8,62560,102.8
YEG,2019-03-18,110.5,110.5,110.5,110.5,7010,110.5
YEG,2019-03-15,118.8,118.8,118.8,118.8,17180,118.8
YEG,2019-03-14,127.7,127.7,127.7,127.7,21520,127.7
YEG,2019-03-13,137.3,137.3,137.3,137.3,21710,137.3
YEG,2019-03-12,147.6,147.6,147.6,147.6,135330,147.6
YEG,2019-03-11,158.7,158.7,158.7,158.7,25930,158.7
YEG,2019-03-08,170.6,170.6,170.6,170.6,66340,170.6
YEG,2019-03-07,183.4,208.1,183.4,183.4,470780,183.4
YEG,2019-03-06,197.2,197.2,197.2,197.2,15250,197.2
YEG,2019-03-05,212.0,212.0,212.0,212.0,14990,212.0
YEG,2019-03-04,231.0,231.1,227.9,227.9,17190,227.9
YEG,2019-03-01,249.8,249.8,241.0,245.0,1080,245.0
YEG,2019-02-28,239.4,241.0,239.4,240.2,21120,240.2
YEG,2019-02-27,239.5,239.5,237.1,239.4,9240,239.4
YEG,2019-02-26,236.0,236.2,236.0,236.1,4700,236.1
YEG,2019-02-25,238.0,240.0,236.0,236.0,2250,236.0
YEG,2019-02-22,240.0,240.0,231.0,239.8,2280,239.8
YEG,2019-02-21,235.0,239.5,235.0,239.5,230,239.5
YEG,2019-02-20,236.8,240.0,236.8,240.0,11690,240.0
YEG,2019-02-19,235.8,236.0,234.0,234.9,25740,234.9
YEG,2019-02-18,231.5,236.0,231.1,234.5,3900,234.5
YEG,2019-02-15,236.7,236.7,233.0,235.9,1080,235.9
YEG,2019-02-14,237.0,237.0,233.2,236.8,2980,236.8
YEG,2019-02-13,233.8,239.7,233.8,236.9,3460,236.9
YEG,2019-02-12,232.7,237.7,232.4,234.5,7560,234.5
YEG,2019-02-11,233.6,237.8,232.2,232.5,5450,232.5
YEG,2019-02-01,237.0,239.0,237.0,239.0,1780,239.0
YEG,2019-01-31,235.1,239.0,235.1,236.0,1100,236.0
YEG,2019-01-30,249.9,249.9,235.4,240.0,10490,240.0
YEG,2019-01-29,230.5,235.1,230.5,235.1,1990,235.1
YEG,2019-01-28,237.0,237.0,230.5,230.5,7690,230.5
YEG,2019-01-25,235.0,239.0,232.0,236.0,8260,236.0
YEG,2019-01-24,221.0,240.0,221.0,235.5,11730,235.5
YEG,2019-01-23,227.1,237.9,227.1,235.9,12360,235.9
YEG,2019-01-22,232.0,237.9,231.5,237.9,4570,237.9
YEG,2019-01-21,235.0,237.9,235.0,237.9,4940,237.9
YEG,2019-01-18,230.5,237.6,230.5,231.0,1160,231.0
YEG,2019-01-17,235.0,240.0,235.0,236.0,1520,236.0
YEG,2019-01-16,236.2,241.0,236.0,236.2,1280,236.2
YEG,2019-01-15,243.0,243.0,236.0,241.0,2670,241.0
YEG,2019-01-14,249.0,249.0,236.7,240.0,12990,240.0
YEG,2019-01-11,250.0,250.0,231.0,243.0,16160,243.0
YEG,2019-01-10,230.0,247.0,230.0,242.0,7160,242.0
YEG,2019-01-09,232.7,239.0,232.5,232.6,22400,232.6
YEG,2019-01-08,227.0,249.9,218.7,249.9,13770,249.9
YEG,2019-01-07,227.1,236.0,227.0,235.0,8430,235.0
YEG,2019-01-04,238.0,240.0,235.0,238.0,13670,238.0
YEG,2019-01-03,230.0,238.0,222.0,238.0,4720,238.0
YEG,2019-01-02,238.0,248.0,231.5,238.0,1170,238.0
YEG,2018-12-28,249.8,249.8,228.0,235.0,16620,235.0
YEG,2018-12-27,243.0,243.0,230.0,235.0,1210,235.0
YEG,2018-12-26,210.1,229.7,210.1,228.0,2950,228.0
YEG,2018-12-25,225.0,227.0,213.9,214.7,2000,214.7
YEG,2018-12-24,230.0,230.0,223.1,230.0,1300,230.0
YEG,2018-12-21,228.0,230.0,228.0,230.0,3520,230.0
YEG,2018-12-20,234.5,239.0,230.0,230.0,17280,230.0
YEG,2018-12-19,242.0,242.0,231.0,234.5,5180,234.5
YEG,2018-12-18,250.0,250.0,232.8,242.0,11740,242.0
YEG,2018-12-17,256.0,256.0,238.6,250.0,20760,250.0
YEG,2018-12-14,264.0,264.0,256.2,256.5,5550,256.5
YEG,2018-12-13,270.0,270.0,264.0,264.5,9090,264.5
YEG,2018-12-12,269.9,270.0,264.1,270.0,3480,270.0
YEG,2018-12-11,269.9,270.0,267.0,270.0,1650,270.0
YEG,2018-12-10,270.0,270.0,269.9,270.0,2960,270.0
YEG,2018-12-07,267.0,276.0,267.0,270.0,8630,270.0
YEG,2018-12-06,270.0,271.0,261.0,267.0,1420,267.0
YEG,2018-12-05,279.5,279.5,268.0,279.0,240,279.0
YEG,2018-12-04,277.9,280.0,277.9,279.9,540,279.9
YEG,2018-12-03,281.0,281.0,280.0,280.0,2650,280.0
YEG,2018-11-30,267.0,267.0,264.9,264.9,6630,264.9
YEG,2018-11-29,285.9,285.9,266.7,267.0,36500,267.0
YEG,2018-11-28,270.0,284.0,265.0,284.0,18870,284.0
YEG,2018-11-27,277.0,279.9,270.0,270.0,2650,270.0
YEG,2018-11-26,279.5,280.0,279.5,279.5,750,279.5
YEG,2018-11-23,270.2,281.0,270.0,280.0,610,280.0
YEG,2018-11-22,290.0,290.0,289.0,289.0,200,289.0
YEG,2018-11-21,291.0,291.0,289.0,289.0,220,289.0
YEG,2018-11-20,290.0,300.0,290.0,290.0,12890,290.0
YEG,2018-11-19,286.0,290.0,286.0,290.0,200,290.0
YEG,2018-11-16,300.0,301.6,285.0,285.0,17950,285.0
YEG,2018-11-15,301.0,302.0,300.2,301.5,31930,301.5
YEG,2018-11-14,294.0,305.0,294.0,301.0,23010,301.0
YEG,2018-11-13,300.0,309.0,292.0,292.0,9770,292.0
YEG,2018-11-12,290.3,300.0,290.0,300.0,20570,300.0
YEG,2018-11-09,288.3,290.0,288.3,289.8,22570,289.8
YEG,2018-11-08,290.0,290.0,286.3,287.0,19080,287.0
YEG,2018-11-07,290.0,290.0,282.0,285.0,4160,285.0
YEG,2018-11-06,282.0,282.9,280.0,282.9,5270,282.9
YEG,2018-11-05,290.0,290.0,282.0,282.0,14650,282.0
YEG,2018-11-02,280.0,286.0,280.0,286.0,370,286.0
YEG,2018-11-01,260.0,282.3,260.0,280.0,1710,280.0
YEG,2018-10-31,288.5,288.5,279.1,279.1,6910,279.1
YEG,2018-10-30,280.0,280.0,279.1,279.3,8870,279.3
YEG,2018-10-29,279.2,280.5,260.0,279.2,19930,279.2
YEG,2018-10-26,279.0,279.2,269.1,279.2,13160,279.2
YEG,2018-10-25,261.0,280.2,260.4,277.2,23740,277.2
YEG,2018-10-24,286.2,287.5,278.0,280.0,15770,280.0
YEG,2018-10-23,282.0,290.0,282.0,285.6,31330,285.6
YEG,2018-10-22,279.0,282.0,275.0,281.9,30040,281.9
YEG,2018-10-19,279.9,280.0,278.0,279.0,3040,279.0
YEG,2018-10-18,279.0,287.4,279.0,280.0,8850,280.0
YEG,2018-10-17,251.1,268.6,255.0,268.6,15440,268.6
YEG,2018-10-16,251.1,252.0,250.0,251.1,2610,251.1
YEG,2018-10-15,248.0,254.7,239.2,251.1,21970,251.1
YEG,2018-10-12,228.0,238.1,228.0,238.1,11790,238.1
YEG,2018-10-11,228.0,239.1,227.2,228.0,14860,228.0
YEG,2018-10-10,244.0,244.0,239.1,239.1,20860,239.1
YEG,2018-10-09,240.2,245.0,240.0,244.0,15330,244.0
YEG,2018-10-08,232.2,239.8,226.5,239.0,14710,239.0
YEG,2018-10-05,227.0,230.1,227.0,230.1,27970,230.1
YEG,2018-10-04,232.0,232.0,227.0,227.0,3780,227.0
YEG,2018-10-03,226.0,230.0,225.0,228.3,6270,228.3
YEG,2018-10-02,224.9,225.0,222.0,224.9,7030,224.9
YEG,2018-10-01,222.0,224.9,220.0,224.9,5210,224.9
YEG,2018-09-28,222.0,222.0,221.0,222.0,8540,222.0
YEG,2018-09-27,222.0,231.0,218.0,222.0,18120,222.0
YEG,2018-09-26,225.0,225.0,214.0,223.7,6080,223.7
YEG,2018-09-25,220.0,225.0,216.0,220.0,3200,220.0
YEG,2018-09-24,222.1,222.1,219.0,221.5,3790,221.5
YEG,2018-09-21,229.0,233.0,225.0,230.0,5240,230.0
YEG,2018-09-20,229.0,232.8,222.0,229.0,32370,229.0
YEG,2018-09-19,235.0,236.0,229.0,229.0,6180,229.0
YEG,2018-09-18,234.0,235.0,225.6,235.0,3850,235.0
YEG,2018-09-17,221.9,234.0,219.4,234.0,18800,234.0
YEG,2018-09-14,220.5,221.4,219.3,221.4,51660,221.4
YEG,2018-09-13,217.0,220.1,217.0,219.3,21050,219.3
YEG,2018-09-12,216.4,221.0,215.5,218.9,22050,218.9
YEG,2018-09-11,213.9,217.0,210.0,216.4,43640,216.4
YEG,2018-09-10,218.0,218.6,203.3,217.0,27320,217.0
YEG,2018-09-07,218.6,235.0,218.6,218.6,27120,218.6
YEG,2018-09-06,240.0,240.0,224.3,235.0,47180,235.0
YEG,2018-09-05,224.3,224.3,224.3,224.3,43200,224.3
YEG,2018-09-04,209.7,209.7,209.7,209.7,142940,209.7
YEG,2018-08-31,200.0,200.0,194.9,196.0,12700,196.0
YEG,2018-08-30,197.9,199.0,188.0,197.0,7220,197.0
YEG,2018-08-29,196.0,200.0,195.5,198.0,26110,198.0
YEG,2018-08-28,185.0,193.6,185.0,193.6,7340,193.6
YEG,2018-08-27,195.0,196.0,181.0,181.0,26360,181.0
YEG,2018-08-24,188.9,194.6,180.0,194.6,13260,194.6
YEG,2018-08-23,195.5,195.5,181.9,181.9,14060,181.9
YEG,2018-08-22,195.0,197.5,195.0,195.5,890,195.5
YEG,2018-08-21,197.8,198.1,196.0,198.0,19930,198.0
YEG,2018-08-20,197.9,198.5,185.0,197.8,60190,197.8
YEG,2018-08-17,195.0,198.9,194.5,195.0,10480,195.0
YEG,2018-08-16,197.1,197.1,190.1,196.0,510,196.0
YEG,2018-08-15,198.2,198.2,193.5,197.1,1750,197.1
YEG,2018-08-14,198.4,199.0,192.0,196.1,6220,196.1
YEG,2018-08-13,199.7,199.7,195.0,196.7,360,196.7
YEG,2018-08-10,195.0,198.8,195.0,195.0,3080,195.0
YEG,2018-08-09,196.0,199.7,195.0,197.0,480,197.0
YEG,2018-08-08,196.3,197.0,194.0,197.0,2220,197.0
YEG,2018-08-07,192.0,195.0,192.0,194.0,230,194.0
YEG,2018-08-06,200.0,200.0,191.0,191.0,2210,191.0
YEG,2018-08-03,200.0,200.0,195.0,200.0,620,200.0
YEG,2018-08-02,195.0,199.9,187.0,191.1,1560,191.1
YEG,2018-08-01,200.0,202.0,190.8,200.9,1150,200.9
YEG,2018-07-31,200.1,202.4,200.0,202.4,860,202.4
YEG,2018-07-30,202.4,202.5,202.4,202.4,29730,202.4
YEG,2018-07-27,217.6,218.2,217.6,217.6,5750,217.6
YEG,2018-07-26,233.9,248.0,233.9,233.9,590,233.9
YEG,2018-07-25,220.5,251.4,218.6,251.4,6190,251.4
YEG,2018-07-24,219.1,235.0,207.0,235.0,5680,235.0
YEG,2018-07-23,228.0,228.2,218.7,221.0,1060,221.0
YEG,2018-07-20,228.0,230.0,227.8,228.0,3220,228.0
YEG,2018-07-19,228.0,244.9,228.0,244.9,4450,244.9
YEG,2018-07-18,227.0,244.9,225.0,244.9,8530,244.9
YEG,2018-07-17,245.0,247.0,239.0,239.0,6870,239.0
YEG,2018-07-16,245.4,245.4,235.0,245.0,3810,245.0
YEG,2018-07-13,249.5,249.9,232.5,245.4,35730,245.4
YEG,2018-07-12,244.0,250.0,232.5,244.0,18810,244.0
YEG,2018-07-11,256.5,256.5,246.0,250.0,13200,250.0
YEG,2018-07-10,257.5,257.5,231.0,256.5,37640,256.5
YEG,2018-07-09,225.0,240.7,218.5,240.7,11290,240.7
YEG,2018-07-06,224.2,230.0,224.2,225.0,16270,225.0
YEG,2018-07-05,238.8,241.0,238.8,241.0,123420,241.0
YEG,2018-07-04,256.7,256.7,256.7,256.7,10000,256.7
YEG,2018-07-03,296.7,296.7,276.0,276.0,10050,276.0
YEG,2018-07-02,296.7,296.7,296.7,296.7,10610,296.7
YEG,2018-06-29,321.0,321.0,319.0,319.0,1800,319.0
YEG,2018-06-28,342.0,343.4,342.0,343.0,76700,343.0
YEG,2018-06-27,321.0,321.0,321.0,321.0,16860,321.0
YEG,2018-06-26,300.0,300.0,300.0,300.0,6100,300.0
